x,y,datetime
10.7746360020721,59.6578890846744,2021-05-03 12:47:55
10.7753240116857,59.6573670885491,2021-05-03 12:50:24
10.7753240116857,59.6573670885491,2021-05-03 12:52:24
10.7753240116857,59.6573670885491,2021-05-03 12:54:25
10.7753240116857,59.6573670885491,2021-05-03 12:57:02
10.7749220123358,59.6573780863522,2021-05-03 12:59:32
10.7748720171567,59.6571570861298,2021-05-03 13:01:34
10.7748720171567,59.6571570861298,2021-05-03 13:04:03
10.7748720171567,59.6571570861298,2021-05-03 13:06:03
10.7748720171567,59.6571570861298,2021-05-03 13:08:03
10.7748720171567,59.6571570861298,2021-05-03 13:10:03
10.7748720171567,59.6571570861298,2021-05-03 13:12:03
10.7748710158586,59.6572180861104,2021-05-03 13:14:03
10.7748710158586,59.6572180861104,2021-05-03 13:16:03
10.7748710158586,59.6572180861104,2021-05-03 13:18:03
10.7748710158586,59.6572180861104,2021-05-03 13:20:03
10.7748710158586,59.6572180861104,2021-05-03 13:22:03
10.7748710158586,59.6572180861104,2021-05-03 13:24:03
10.7750690144424,59.6572640871807,2021-05-03 13:44:52
10.7750690144424,59.6572640871807,2021-05-03 13:46:52
10.7750690144424,59.6572640871807,2021-05-03 13:48:52
10.7750690144424,59.6572640871807,2021-05-03 13:50:52
10.7750690144424,59.6572640871807,2021-05-03 13:52:52
10.7750690144424,59.6572640871807,2021-05-03 13:54:56
10.7750690144424,59.6572640871807,2021-05-03 13:56:58
10.7750690144424,59.6572640871807,2021-05-03 13:59:03
10.7750690144424,59.6572640871807,2021-05-03 14:01:07
10.7749580136421,59.6573130865636,2021-05-03 14:03:10
10.7749580136421,59.6573130865636,2021-05-03 14:05:13
10.7749610155114,59.6572250866,2021-05-03 14:07:17
10.7748130164765,59.657195085799,2021-05-03 14:09:20
10.7748130164765,59.657195085799,2021-05-03 14:11:24
10.7741350208248,59.6570610821287,2021-05-03 18:03:45
10.7748880186776,59.6570840862338,2021-05-03 18:05:45
10.7750240173978,59.6571300869656,2021-05-03 18:07:46
10.7750180159402,59.6571990869171,2021-05-03 18:09:46
10.775304017272,59.6571070884993,2021-05-03 18:11:48
10.7750920145623,59.6572560873081,2021-05-03 18:13:48
10.774833016603,59.65718708591,2021-05-03 18:16:17
10.7749150168276,59.657168086362,2021-05-03 18:18:44
10.7748030181186,59.6571190857618,2021-05-03 18:21:11
10.7749750173351,59.6571380866964,2021-05-03 18:23:15
10.7749960171397,59.6571450868094,2021-05-03 18:25:16
10.7751090164007,59.6571680874209,2021-05-03 18:27:45
10.7748680172508,59.6571530861089,2021-05-03 18:29:45
10.7748660159549,59.657214086084,2021-05-03 18:31:51
10.774836017982,59.6571220859412,2021-05-03 18:33:51
10.7749190155185,59.6572290863699,2021-05-03 18:35:53
10.7750630163314,59.657176087168,2021-05-03 18:37:53
10.7747130188069,59.6570960852758,2021-05-04 07:38:04
10.7749010166026,59.6571800862828,2021-05-04 07:40:04
10.7750170161982,59.6571870869144,2021-05-04 07:42:06
10.7749550169741,59.6571570865828,2021-05-04 07:44:06
10.7749780160282,59.6571990866988,2021-05-04 07:46:06
10.7749160181257,59.6571070863814,2021-05-04 07:48:35
10.7749260179332,59.6571150864341,2021-05-04 07:50:36
10.7749970180327,59.6571030868244,2021-05-04 07:52:36
10.7749320145094,59.6572750864303,2021-05-04 07:54:37
10.7749070149694,59.6572560862982,2021-05-04 07:56:38
10.7749070149694,59.6572560862982,2021-05-04 07:58:39
10.7749070149694,59.6572560862982,2021-05-04 08:00:42
10.7748470170625,59.6571640859917,2021-05-04 08:02:42
10.774902016771,59.6571720862901,2021-05-04 08:04:42
10.7748670179138,59.6571220861105,2021-05-04 08:06:45
10.7749430149754,59.6572520864956,2021-05-04 08:08:45
10.7749430149754,59.6572520864956,2021-05-04 08:10:45
10.7749430149754,59.6572520864956,2021-05-04 08:12:45
10.7749430149754,59.6572520864956,2021-05-04 08:14:45
10.7750560181374,59.657092087149,2021-05-04 08:16:46
10.7749450165058,59.657180086523,2021-05-04 08:18:47
10.7749450165058,59.657180086523,2021-05-04 08:20:47
10.7748010182082,59.6571150857518,2021-05-04 08:22:47
10.774824020204,59.6570190858993,2021-05-04 08:24:47
10.7748880155867,59.6572290862007,2021-05-04 08:26:47
10.7747070168803,59.6571870852222,2021-05-04 08:28:50
10.7749400162823,59.6571910864932,2021-05-04 08:30:56
10.7749020152362,59.6572440862736,2021-05-04 08:32:56
10.7749550168249,59.6571640865813,2021-05-04 08:34:56
10.7748660152301,59.6572480860762,2021-05-04 08:36:56
10.7748500169706,59.6571680860072,2021-05-04 08:38:57
10.7749310154921,59.6572290864354,2021-05-04 08:40:58
10.7748250158746,59.6572220858584,2021-05-04 08:42:58
10.7747760194143,59.6570610856277,2021-05-04 08:45:03
10.7749220162367,59.657195086394,2021-05-04 08:47:06
10.7747990165073,59.6571950857226,2021-05-04 08:49:06
10.7747750160699,59.6572180855863,2021-05-04 08:51:06
10.7748370157842,59.6572250859232,2021-05-04 08:53:06
10.7748520163907,59.6571950860119,2021-05-04 08:55:06
10.7747920152224,59.6572560856705,2021-05-04 08:57:08
10.7747980126939,59.6573740856763,2021-05-04 08:59:08
10.7748870143739,59.6572860861822,2021-05-04 09:01:09
10.774772017462,59.6571530855848,2021-05-04 09:03:10
10.7746840181459,59.6571300851097,2021-05-04 09:05:12
10.7747210130125,59.6573670852576,2021-05-04 09:07:13
10.7748140165596,59.6571910858054,2021-05-04 09:09:15
10.7749180142204,59.6572900863505,2021-05-04 09:11:15
10.7747700159956,59.6572220855582,2021-05-04 09:13:16
10.7747250154551,59.6572520853056,2021-05-04 09:15:16
10.7749360169306,59.6571610864782,2021-05-04 09:17:17
10.7747940163478,59.6572030856935,2021-05-04 09:19:17
10.7747580170878,59.6571720855041,2021-05-04 09:21:17
10.7748040171571,59.657164085757,2021-05-04 09:23:20
10.7748190154188,59.6572440858206,2021-05-04 09:25:20
10.7747730142837,59.6573020855562,2021-05-04 09:27:21
10.7749650146073,59.6572670866123,2021-05-04 09:29:21
10.7749010161124,59.6572030862776,2021-05-04 09:31:25
10.7747790158266,59.6572290856057,2021-05-04 09:33:31
10.774899015797,59.6572180862632,2021-05-04 09:35:38
10.7748530159835,59.657214086013,2021-05-04 09:37:39
10.7748430147052,59.6572750859445,2021-05-04 09:39:39
10.7748670157822,59.6572220860876,2021-05-04 09:41:39
10.7749290166263,59.6571760864366,2021-05-04 09:43:39
10.7748400165024,59.6571910859473,2021-05-04 09:45:39
10.7748400165024,59.6571910859473,2021-05-04 09:47:39
10.7748400165024,59.6571910859473,2021-05-04 09:49:39
10.7748400165024,59.6571910859473,2021-05-04 09:51:39
10.7748730139784,59.6573060861012,2021-05-04 09:53:39
10.774858016143,59.6572060860422,2021-05-04 09:55:39
10.774853016154,59.6572060860149,2021-05-04 09:57:41
10.7749020184763,59.6570920863084,2021-05-04 09:59:41
10.7747160172655,59.6571680852757,2021-05-04 10:01:41
10.7751160198812,59.6570040874966,2021-05-04 10:03:41
10.7751840193266,59.6570230878635,2021-05-04 10:05:41
10.7752010183086,59.6570690879458,2021-05-04 10:07:41
10.7752740188088,59.6570380883513,2021-05-04 10:09:41
10.775045022233,59.6569010871326,2021-05-04 10:11:41
10.774979016431,59.6571800867086,2021-05-05 08:11:09
10.7750280147884,59.6572520869596,2021-05-05 08:13:12
10.7749350144175,59.6572790864458,2021-05-05 08:15:13
10.7748810146216,59.6572750861519,2021-05-05 08:17:13
10.774907017975,59.6571150863304,2021-05-05 08:19:13
10.7749340180861,59.6571070864796,2021-05-05 08:21:13
10.7749690161333,59.6571950866506,2021-05-05 08:23:13
10.7749860167567,59.6571640867505,2021-05-05 08:25:13
10.7749420174077,59.6571380865162,2021-05-05 08:27:13
10.7749420174077,59.6571380865162,2021-05-05 08:29:13
10.7749420174077,59.6571380865162,2021-05-05 08:31:13
10.7749420174077,59.6571380865162,2021-05-05 08:33:13
10.7749420174077,59.6571380865162,2021-05-05 08:35:13
10.7749290167115,59.6571720864375,2021-05-05 08:37:13
10.7749530176393,59.657126086579,2021-05-05 08:39:15
10.7749530176393,59.657126086579,2021-05-05 08:41:19
10.7749530176393,59.657126086579,2021-05-05 08:43:23
10.7750070158791,59.6572030868562,2021-05-05 08:45:31
10.7748320176497,59.6571380859158,2021-05-05 08:47:35
10.7748320176497,59.6571380859158,2021-05-05 08:49:39
10.7747460179242,59.6571340854472,2021-05-05 08:51:47
10.7747460179242,59.6571340854472,2021-05-05 08:53:52
10.7746940238153,59.6568630852253,2021-05-06 07:04:32
10.7747320203211,59.6570230853961,2021-05-06 07:08:34
10.7749250203867,59.6570000864549,2021-05-06 07:10:34
10.7753170213147,59.6569160886139,2021-05-06 07:13:04
10.7753930170761,59.6571070889851,2021-05-06 07:15:06
10.7753110163613,59.6571490885279,2021-05-06 07:17:34
10.7751660136747,59.6572900877043,2021-05-06 07:19:34
10.7748270154652,59.6572410858649,2021-05-06 07:22:02
10.7748230167103,59.6571830858564,2021-05-06 07:24:30
10.7748230167103,59.6571830858564,2021-05-06 07:26:31
10.7749970187575,59.6570690868322,2021-05-06 07:28:58
10.7749630194078,59.6570420866528,2021-05-06 07:31:26
10.7750300207099,59.656974087034,2021-05-06 07:33:26
10.7749930183613,59.657088086806,2021-05-06 07:35:28
10.7750460220603,59.6569090871362,2021-05-06 07:37:34
10.775071021451,59.6569350872667,2021-05-06 07:39:38
10.7749650194887,59.6570380866646,2021-05-06 07:41:39
10.7749950175469,59.6571260868083,2021-05-06 07:43:40
10.7748470159114,59.6572180859794,2021-05-06 07:45:40
10.7749040192819,59.657054086328,2021-05-06 07:47:41
10.7749030180691,59.6571110863095,2021-05-06 07:49:42
10.7749030180691,59.6571110863095,2021-05-06 07:51:43
10.7749030180691,59.6571110863095,2021-05-06 07:53:46
10.7749220149364,59.6572560863801,2021-05-06 07:55:47
10.7749090156258,59.6572250863162,2021-05-06 07:57:49
10.7748990148165,59.6572640862527,2021-05-06 07:59:50
10.7748750181307,59.6571110861566,2021-05-06 08:01:53
10.7749200171364,59.6571530863927,2021-05-06 08:03:53
10.7749020170054,59.6571610862926,2021-05-06 08:05:54
10.7750040160562,59.6571950868416,2021-05-06 08:07:54
10.7749890145545,59.6572670867433,2021-05-06 08:09:56
10.7748840155103,59.6572330861779,2021-05-06 08:11:58
10.7748840155103,59.6572330861779,2021-05-06 08:13:59
10.7749740174226,59.6571340866918,2021-05-06 08:16:03
10.7749370162037,59.6571950864759,2021-05-06 08:18:06
10.7751580161224,59.6571760876866,2021-05-06 08:20:10
10.7751580161224,59.6571760876866,2021-05-06 08:22:12
10.7751580161224,59.6571760876866,2021-05-06 08:24:14
10.7748910180955,59.657111086244,2021-05-06 08:26:15
10.7748890171193,59.6571570862226,2021-05-06 08:28:17
10.7748890171193,59.6571570862226,2021-05-06 08:30:19
10.7748890171193,59.6571570862226,2021-05-06 08:32:22
10.7750080156424,59.6572140868591,2021-05-06 08:34:24
10.7749960176299,59.6571220868146,2021-05-06 08:36:26
10.7749960176299,59.6571220868146,2021-05-06 08:38:30
10.7749960176299,59.6571220868146,2021-05-06 08:40:34
10.7749350173592,59.6571410864773,2021-05-06 08:42:37
10.7748800164144,59.6571910861657,2021-05-06 08:44:40
10.7749290156457,59.6572220864261,2021-05-06 08:46:46
10.7749290156457,59.6572220864261,2021-05-06 08:48:49
10.7748850167231,59.6571760861964,2021-05-06 08:50:51
10.7750660151098,59.6572330871714,2021-05-06 08:52:53
10.7749980138739,59.6572980867854,2021-05-06 08:54:59
10.7749910151896,59.6572370867611,2021-05-06 08:57:07
10.7749200159213,59.6572100863797,2021-05-06 08:59:11
10.7749200159213,59.6572100863797,2021-05-06 09:01:15
10.7748410158394,59.6572220859457,2021-05-06 09:03:19
10.7749320141043,59.657294086426,2021-05-06 09:05:26
10.7749410154701,59.65722908649,2021-05-06 09:07:30
10.774990014467,59.6572710867479,2021-05-06 09:09:35
10.7749820179805,59.6571070867416,2021-05-06 09:11:37
10.7748880171215,59.6571570862171,2021-05-06 09:13:41
10.7749290164771,59.657183086435,2021-05-06 09:15:44
10.7749100149628,59.6572560863146,2021-05-06 09:17:48
10.7749100149628,59.6572560863146,2021-05-06 09:19:51
10.7748980170142,59.6571610862708,2021-05-06 09:21:55
10.7747700155266,59.6572440855531,2021-05-06 09:23:59
10.7747700155266,59.6572440855531,2021-05-06 09:26:01
10.7746790146611,59.657294085045,2021-05-06 09:28:04
10.774860014007,59.6573060860303,2021-05-06 09:30:07
10.774860014007,59.6573060860303,2021-05-06 09:32:11
10.7748480138842,59.6573130859631,2021-05-06 09:34:13
10.7749150162521,59.6571950863558,2021-05-06 09:36:14
10.7748810162416,59.6571990861693,2021-05-06 09:38:14
10.7750890162742,59.6571760873099,2021-05-06 09:40:15
10.775095017071,59.6571380873514,2021-05-06 09:42:17
10.7751050164948,59.6571640874,2021-05-06 09:44:17
10.7749170160771,59.6572030863649,2021-05-06 09:46:21
10.7748600167781,59.6571760860599,2021-05-06 09:48:22
10.774949016497,59.6571800865448,2021-05-06 09:50:22
10.774949016497,59.6571800865448,2021-05-06 09:52:26
10.7751050168146,59.6571490874035,2021-05-06 09:54:26
10.7749880151962,59.6572370867447,2021-05-06 09:56:27
10.7749860159253,59.6572030867416,2021-05-06 09:58:29
10.7751400163325,59.6571680875902,2021-05-06 10:00:30
10.7751350140627,59.6572750875385,2021-05-06 10:02:30
10.7752670121522,59.6573510882417,2021-05-06 10:04:30
10.7750030126478,59.6573550867996,2021-05-06 10:06:31
10.7750030114328,59.6574120867866,2021-05-06 10:08:31
10.7750060110211,59.6574310867987,2021-05-06 10:10:33
10.7749320169394,59.6571610864564,2021-05-06 10:13:01
10.7749790184774,59.6570840867305,2021-05-06 10:15:30
10.7750260198234,59.6570160870026,2021-05-06 10:17:30
10.7750390195604,59.6570270870711,2021-05-06 10:19:59
10.7750390195604,59.6570270870711,2021-05-06 10:22:02
10.7749720180025,59.657107086687,2021-05-06 10:24:05
10.7748740172376,59.6571530861416,2021-05-06 10:26:05
10.7749570160744,59.6571990865842,2021-05-06 10:28:05
10.7751680170809,59.6571300877517,2021-05-06 10:30:05
10.7751680170809,59.6571300877517,2021-05-06 10:32:09
10.7749870164134,59.6571800867522,2021-05-06 10:34:09
10.7752210135537,59.6572900880045,2021-05-06 10:36:12
10.7752530146131,59.6572370881912,2021-05-06 10:38:12
10.7751690147126,59.6572410877318,2021-05-06 10:40:12
10.7751690147126,59.6572410877318,2021-05-06 10:42:12
10.7751160162148,59.6571760874573,2021-05-06 19:52:42
10.7751160162148,59.6571760874573,2021-05-06 19:54:46
10.7756500132493,59.6572600903531,2021-05-06 19:56:47
10.775298014109,59.6572560884325,2021-05-06 19:58:48
10.7751880149266,59.6572290878383,2021-05-06 20:00:50
10.7749790131056,59.657336086673,2021-05-06 20:02:50
10.7750180151301,59.6572370869085,2021-05-06 20:04:50
10.7750550141534,59.6572790871008,2021-05-06 20:06:51
10.7750230155242,59.6572180869401,2021-05-06 20:09:20
10.7752270171217,59.6571220880756,2021-05-06 20:11:21
10.7751700167568,59.6571450877592,2021-05-06 20:13:50
10.7750530134331,59.6573130870822,2021-05-06 20:18:20
10.7748810125965,59.6573700861302,2021-05-06 20:20:20
10.774714012964,59.6573700852187,2021-05-06 20:22:20
10.7749930116892,59.6574010867345,2021-05-06 20:24:47
10.7746480131092,59.6573700848584,2021-05-06 20:27:15
10.7746480131092,59.6573700848584,2021-05-06 20:29:42
10.7747610124555,59.6573890854709,2021-05-06 20:32:10
10.7746610123345,59.6574050849214,2021-05-06 20:34:38
10.77478601304,59.6573590856142,2021-05-06 20:37:08
10.7748390168243,59.6571760859453,2021-05-06 20:39:08
10.7748000171659,59.6571640857352,2021-05-06 20:41:35
10.774822015327,59.6572480858361,2021-05-06 20:43:36
10.7747530171841,59.6571680854777,2021-05-06 20:45:36
10.7746670180981,59.657134085016,2021-05-06 20:48:06
10.7747460167092,59.6571910854342,2021-05-06 20:50:35
10.7749220154267,59.6572330863853,2021-05-06 20:52:36
10.7749630172975,59.6571410866302,2021-05-06 20:54:37
10.7750290164062,59.6571760869824,2021-05-06 20:57:06
10.7747940147278,59.6572790856761,2021-05-07 07:39:21
10.7747810155664,59.6572410856138,2021-05-07 07:41:21
10.7748700160314,59.6572100861067,2021-05-07 07:43:21
10.7748700160314,59.6572100861067,2021-05-07 07:45:21
10.7748700160314,59.6572100861067,2021-05-07 07:47:21
10.7748120155834,59.657237085784,2021-05-07 07:49:21
10.7749730161245,59.6571950866724,2021-05-07 07:51:49
10.7748540175374,59.6571410860352,2021-05-07 07:54:20
10.7748540175374,59.6571410860352,2021-05-07 07:56:45
10.7748500156703,59.6572290859932,2021-05-07 07:59:13
10.7749140188549,59.6570730863782,2021-05-07 08:01:39
10.7750840171805,59.6571340872923,2021-05-07 08:04:06
10.7748410154344,59.6572410859414,2021-05-07 08:06:33
10.7749250168056,59.6571680864166,2021-05-07 08:08:59
10.7749390166043,59.6571760864912,2021-05-07 08:11:25
10.7750570152149,59.6572290871232,2021-05-07 08:13:27
10.7750430166312,59.6571640870616,2021-05-07 08:15:53
10.7751370158489,59.6571910875685,2021-05-07 08:17:53
10.7752570112789,59.6573930881775,2021-05-07 08:20:18
10.7752370140727,59.6572640880978,2021-05-07 08:22:43
10.7753150139864,59.6572600885244,2021-05-07 08:25:08
10.7751860143555,59.6572560878212,2021-05-07 08:27:34
10.7752570154143,59.6571990882218,2021-05-07 08:29:59
10.7752400137464,59.6572790881107,2021-05-07 08:32:23
10.7751720152816,59.6572140877543,2021-05-07 08:34:49
10.7751830161527,59.657172087824,2021-05-07 08:37:16
10.7753590160851,59.6571570887881,2021-05-07 08:39:45
10.7750180177307,59.6571150869363,2021-05-07 08:42:13
10.7751050159193,59.6571910873939,2021-05-07 08:44:39
10.7747910183155,59.6571110856981,2021-05-07 08:47:05
10.774771018189,59.6571190855871,2021-05-07 08:49:31
10.7747880167873,59.6571830856653,2021-05-07 08:51:56
10.774887018019,59.6571150862213,2021-05-07 08:54:21
10.7748040178819,59.6571300857647,2021-05-07 08:56:46
10.7748240164523,59.6571950858591,2021-05-07 08:59:11
10.7748500176101,59.657138086014,2021-05-07 09:01:36
10.7749400156215,59.6572220864861,2021-05-07 09:04:02
10.7750320176147,59.6571190870118,2021-05-08 06:00:04
10.7751520166259,59.6571530876591,2021-05-08 06:02:04
10.7749700158113,59.6572100866526,2021-05-08 06:04:05
10.7751720153668,59.6572100877553,2021-05-08 06:06:05
10.7752310158126,59.6571830880835,2021-05-08 06:08:35
10.7752410150445,59.6572180881301,2021-05-08 06:10:35
10.7752270163756,59.6571570880676,2021-05-08 06:13:04
10.7751230144941,59.6572560874773,2021-05-08 06:15:05
10.7750930132598,59.6573170872996,2021-05-08 06:17:34
10.7753070128742,59.6573130884686,2021-05-08 06:19:34
10.7752230119932,59.6573630879987,2021-05-08 06:21:34
10.7753870120374,59.6573440888983,2021-05-08 06:23:34
10.7753460127031,59.6573170886806,2021-05-08 06:25:35
10.7753680132303,59.6572900888069,2021-05-08 06:28:05
10.7754050134686,59.6572750890123,2021-05-08 06:30:34
10.7753120128632,59.6573130884959,2021-05-08 06:32:35
10.7753310114358,59.6573780885848,2021-05-08 06:34:36
10.7753830120462,59.6573440888764,2021-05-08 06:36:36
10.7753320144392,59.6572370886225,2021-05-08 06:38:37
10.7751820183504,59.657069087842,2021-05-08 06:41:07
10.7748650168524,59.6571720860881,2021-05-08 06:43:07
10.7748860165717,59.6571830862003,2021-05-08 06:45:07
10.7749680152402,59.6572370866355,2021-05-08 06:47:11
10.7748620152389,59.6572480860544,2021-05-08 06:49:11
10.7747520144152,59.6572980854425,2021-05-08 13:19:34
10.7747780180244,59.6571260856238,2021-05-08 13:21:34
10.7747780180244,59.6571260856238,2021-05-08 13:23:34
10.7747380212032,59.6569810854385,2021-05-08 13:25:34
10.7747380212032,59.6569810854385,2021-05-08 13:27:34
10.7747920185478,59.6571000857061,2021-05-08 13:29:35
10.774891018266,59.6571030862458,2021-05-08 13:31:36
10.7751060194129,59.6570270874368,2021-05-08 13:33:38
10.7751550209251,59.6569510877216,2021-05-08 13:35:40
10.7751690198499,59.6570000877868,2021-05-08 13:37:40
10.7752650187433,59.6570420883013,2021-05-08 13:40:09
10.7750500177456,59.6571110871119,2021-05-08 13:42:10
10.7749770159451,59.6572030866924,2021-05-08 13:44:11
10.7749880147911,59.6572560867404,2021-05-08 13:46:11
10.7749040152318,59.6572440862846,2021-05-08 13:48:11
10.7750280158329,59.6572030869708,2021-05-08 13:50:11
10.7751330169235,59.6571410875581,2021-05-08 13:52:15
10.7750870159589,59.6571910872956,2021-05-08 13:54:16
10.7748980163748,59.6571910862639,2021-05-08 13:56:16
10.7749540168271,59.6571640865758,2021-05-08 13:58:22
10.7748770165915,59.6571830861511,2021-05-08 14:00:24
10.7749090154553,59.6572330863144,2021-05-08 14:02:25
10.7749090154553,59.6572330863144,2021-05-08 14:04:26
10.7749330167028,59.6571720864593,2021-05-08 14:06:28
10.7748630158762,59.6572180860667,2021-05-08 14:08:28
10.7748670158674,59.6572180860886,2021-05-08 14:10:58
10.7750050150095,59.6572440868359,2021-05-08 14:12:58
10.7748510152631,59.6572480859944,2021-05-08 14:14:58
10.7748710168392,59.6571720861209,2021-05-08 14:16:59
10.7749030166835,59.6571760862946,2021-05-08 14:18:59
10.7747990166779,59.6571870857244,2021-05-08 14:21:01
10.7748040184574,59.6571030857709,2021-05-08 14:23:31
10.7749240166373,59.6571760864093,2021-05-08 14:25:33
10.7748030147932,59.6572750857262,2021-05-08 14:27:33
10.7751980162049,59.6571680879068,2021-05-10 02:23:29
10.77524101562,59.6571910881362,2021-05-10 02:25:32
10.7751870080862,59.6575500877595,2021-05-10 02:27:33
10.7751350086056,59.65753108748,2021-05-10 02:29:33
10.775024010406,59.6574580868907,2021-05-10 02:31:33
10.7755100096564,59.6574430895471,2021-05-10 02:33:33
10.7753720096402,59.6574580887903,2021-05-10 02:35:33
10.7754510088056,59.6574890892145,2021-05-10 02:37:33
10.7752830116267,59.6573740883237,2021-05-10 02:39:33
10.7750830173532,59.6571260872886,2021-05-10 02:41:33
10.7751750172361,59.6571220877917,2021-05-10 02:43:33
10.7749760148176,59.6572560866749,2021-05-10 02:46:03
10.7748470162312,59.6572030859828,2021-05-10 02:48:04
10.7750310158263,59.6572030869872,2021-05-10 02:50:32
10.7747880169365,59.6571760856669,2021-05-10 02:52:33
10.7748130165618,59.6571910858,2021-05-10 02:55:01
10.7748190178489,59.6571300858466,2021-05-10 02:57:30
10.7749180111295,59.6574350863174,2021-05-10 02:59:59
10.774912016749,59.6571720863447,2021-05-10 03:02:27
10.7748990150723,59.6572520862554,2021-05-10 03:04:55
10.7749350169328,59.6571610864728,2021-05-10 03:07:23
10.7749350169328,59.6571610864728,2021-05-10 03:09:23
10.7749350169328,59.6571610864728,2021-05-10 03:11:23
10.7748710167539,59.65717608612,2021-05-10 03:13:23
10.7750610181264,59.6570920871763,2021-05-10 03:15:23
10.7750610181264,59.6570920871763,2021-05-10 03:17:23
10.7748360196873,59.6570420859595,2021-05-10 03:19:23
10.7749940155027,59.6572220867809,2021-05-10 03:21:24
10.7750420150773,59.6572370870395,2021-05-10 03:23:24
10.7750420150773,59.6572370870395,2021-05-10 03:25:24
10.7749880164965,59.6571760867586,2021-05-10 03:27:25
10.774868016526,59.6571870861011,2021-05-10 03:29:26
10.7748950158911,59.6572140862423,2021-05-10 03:31:28
10.7748950158911,59.6572140862423,2021-05-10 03:33:29
10.7748950158911,59.6572140862423,2021-05-10 03:35:33
10.7748950158911,59.6572140862423,2021-05-10 03:37:37
10.7750150157976,59.6572060868992,2021-05-10 03:39:41
10.7748720179667,59.6571190861385,2021-05-10 03:41:49
10.7749610149358,59.6572520865939,2021-05-10 03:43:53
10.7749520154459,59.65722908655,2021-05-10 03:45:56
10.7749020148099,59.6572640862691,2021-05-10 03:47:59
10.7748790143062,59.6572900861376,2021-05-10 03:50:04
10.7748790143062,59.6572900861376,2021-05-10 03:52:08
10.7748850154228,59.6572370861825,2021-05-10 03:54:12
10.7748650148913,59.6572640860671,2021-05-10 03:56:17
10.7750150178226,59.6571110869208,2021-05-10 03:58:20
10.7749430148902,59.6572560864947,2021-05-10 04:00:24
10.7749120178148,59.6571220863561,2021-05-10 04:02:29
10.7748220163715,59.6571990858473,2021-05-10 04:04:33
10.7749110172414,59.6571490863445,2021-05-10 04:06:37
10.7748660166796,59.6571800860918,2021-05-10 04:08:42
10.7749100153678,59.6572370863189,2021-05-10 04:10:45
10.7749570185258,59.6570840866104,2021-05-10 04:12:51
10.7750130171875,59.6571410869031,2021-05-10 04:14:54
10.7750430154802,59.6572180870493,2021-05-10 04:16:59
10.775143018351,59.6570730876282,2021-05-10 04:19:03
10.7749140167446,59.6571720863556,2021-05-10 04:21:07
10.7749560175474,59.6571300865945,2021-05-10 04:23:11
10.7748880178676,59.6571220862251,2021-05-10 04:25:15
10.7749910178754,59.6571110867898,2021-05-10 04:27:20
10.7750370157492,59.6572060870192,2021-05-10 04:29:24
10.7748800170539,59.6571610861725,2021-05-10 04:31:29
10.7748560139518,59.6573090860077,2021-05-10 04:33:33
10.7749720167875,59.657164086674,2021-05-10 04:35:37
10.7749720167875,59.657164086674,2021-05-10 04:37:42
10.7748240180084,59.6571220858757,2021-05-10 04:39:49
10.7747410198111,59.65704608544,2021-05-10 04:41:56
10.774887016804,59.6571720862082,2021-05-10 04:44:00
10.7748430148757,59.6572670859463,2021-05-10 04:46:03
10.7748680186363,59.6570880861237,2021-05-10 04:48:07
10.7747960158744,59.6572250856994,2021-05-10 04:50:12
10.7747960158744,59.6572250856994,2021-05-10 04:52:16
10.7748780191046,59.6570650861835,2021-05-10 04:54:20
10.7748780191046,59.6570650861835,2021-05-10 04:56:25
10.7749310179222,59.6571150864614,2021-05-10 04:58:29
10.7749210146188,59.6572710863712,2021-05-10 05:00:33
10.7748600160534,59.6572100860522,2021-05-10 05:02:39
10.774864016684,59.6571800860809,2021-05-10 05:04:43
10.7749630169565,59.6571570866265,2021-05-10 05:06:47
10.7749520160001,59.657203086556,2021-05-10 05:08:51
10.7750450175861,59.6571190870828,2021-05-10 05:10:56
10.7749600184339,59.6570880866259,2021-05-10 05:13:00
10.7749000158801,59.6572140862696,2021-05-10 05:15:04
10.7748670193633,59.657054086126,2021-05-10 05:17:12
10.7748670193633,59.657054086126,2021-05-10 05:19:16
10.7748670193633,59.657054086126,2021-05-10 05:21:21
10.7748670193633,59.657054086126,2021-05-10 05:23:25
10.7748670193633,59.657054086126,2021-05-10 05:25:29
10.7749690181583,59.6571000866723,2021-05-10 05:27:34
10.7749690181583,59.6571000866723,2021-05-10 05:29:39
10.77495701746,59.657134086599,2021-05-10 05:31:43
10.77495701746,59.657134086599,2021-05-10 05:33:50
10.7748740174081,59.6571450861434,2021-05-10 05:35:54
10.7748740174081,59.6571450861434,2021-05-10 05:37:58
10.7749160162499,59.6571950863613,2021-05-10 05:40:06
10.7749110173267,59.6571450863454,2021-05-10 05:42:10
10.7748650169376,59.657168086089,2021-05-10 05:44:14
10.7748940161278,59.6572030862394,2021-05-10 05:46:19
10.7748500170559,59.6571640860081,2021-05-10 05:48:23
10.7749420170879,59.6571530865128,2021-05-10 05:50:26
10.7749760147323,59.6572600866739,2021-05-10 05:52:30
10.7747780185146,59.657103085629,2021-05-10 05:54:33
10.7747480150848,59.6572670854278,2021-05-10 05:56:36
10.7747480150848,59.6572670854278,2021-05-10 05:58:39
10.7748590148405,59.6572670860337,2021-05-10 06:00:44
10.7748760153573,59.6572410861324,2021-05-10 06:02:53
10.7748760153573,59.6572410861324,2021-05-10 06:04:57
10.7748800166488,59.6571800861682,2021-05-10 06:07:01
10.7749640147587,59.6572600866084,2021-05-10 06:09:06
10.7749300165388,59.6571800864411,2021-05-10 06:11:12
10.7748070164897,59.6571950857663,2021-05-10 06:13:15
10.774828016614,59.6571870858827,2021-05-10 06:15:15
10.7745830154478,59.6572670845271,2021-05-10 06:17:15
10.7757440123177,59.6572940908584,2021-05-10 16:38:24
10.7751040159215,59.6571910873884,2021-05-10 16:40:26
10.7748820150244,59.6572560861618,2021-05-10 16:42:29
10.774979014811,59.6572560866912,2021-05-10 16:44:30
10.7748880181873,59.6571070862285,2021-05-10 16:47:00
10.7748400144773,59.6572860859256,2021-05-10 16:49:00
10.7748230182451,59.6571110858728,2021-05-10 16:51:01
10.7749020152362,59.6572440862736,2021-05-10 16:53:30
10.7747780189196,59.6570840856333,2021-05-10 16:55:31
10.7749280171188,59.6571530864364,2021-05-10 16:57:31
10.7748800174802,59.6571410861771,2021-05-10 16:59:32
10.7749000170098,59.6571610862817,2021-05-10 17:01:32
10.7749390161993,59.6571950864868,2021-05-10 17:03:33
10.7750890126291,59.6573470872709,2021-05-10 17:05:36
10.7746020133597,59.6573630846089,2021-05-10 17:07:36
10.774918010959,59.6574430863156,2021-05-10 17:09:36
10.7752110130854,59.6573130879446,2021-05-10 17:11:36
10.7750850139382,59.657286087263,2021-05-10 17:14:06
10.7751780147781,59.6572370877818,2021-05-10 17:16:07
10.7749510155973,59.6572220865461,2021-05-10 17:18:07
10.7748540182621,59.6571070860429,2021-05-10 17:20:08
10.7748790165871,59.657183086162,2021-05-10 17:22:37
10.7749160165057,59.657183086364,2021-05-10 17:24:37
10.7748580171875,59.6571570860534,2021-05-10 17:26:38
10.7748810188422,59.6570770861972,2021-05-10 17:28:38
10.774781018913,59.6570840856497,2021-05-10 17:30:38
10.7747220208974,59.6569970853475,2021-05-10 17:32:41
10.7748380178923,59.6571260859512,2021-05-10 17:34:41
10.7751850181094,59.6570800878559,2021-05-10 17:36:41
10.7747470163873,59.6572060854363,2021-05-10 17:38:41
10.7750150177373,59.65711508692,2021-05-10 17:40:41
10.7749750160348,59.6571990866824,2021-05-10 17:42:42
10.775008016218,59.6571870868653,2021-05-10 17:44:45
10.7749220174517,59.6571380864071,2021-05-10 17:46:45
10.7749150173179,59.6571450863672,2021-05-10 17:48:45
10.7750020141208,59.65728608681,2021-05-10 17:50:49
10.7749260148423,59.657260086401,2021-05-10 17:52:49
10.774972013121,59.6573360866348,2021-05-10 17:54:50
10.7749960138783,59.6572980867745,2021-05-10 17:56:50
10.7748940132927,59.657336086209,2021-05-10 17:58:51
10.7749430136751,59.6573130864817,2021-05-10 18:00:52
10.7749250151003,59.6572480863983,2021-05-10 18:02:53
10.7749200128304,59.6573550863466,2021-05-10 18:04:53
10.7750910126247,59.6573470872818,2021-05-10 18:06:53
10.7750250121944,59.6573740869154,2021-05-10 18:08:53
10.7750150123656,59.6573670868624,2021-05-10 18:10:53
10.7749750122191,59.6573780866415,2021-05-10 18:12:53
10.7750180124443,59.6573630868797,2021-05-10 18:14:53
10.7749450143955,59.6572790865004,2021-05-10 18:16:54
10.7749030153832,59.6572370862807,2021-05-10 18:20:08
10.7749930135651,59.6573130867546,2021-05-10 18:22:10
10.7749470141566,59.6572900865088,2021-05-10 18:26:24
10.7747840127247,59.6573740855998,2021-05-10 18:28:28
10.7749830148874,59.657252086714,2021-05-10 18:37:34
10.7746130163411,59.6572220847011,2021-05-10 19:08:43
10.7746130163411,59.6572220847011,2021-05-10 19:10:47
10.7746530145477,59.6573020849012,2021-05-10 19:17:06
10.7749510112914,59.6574240865,2021-05-10 19:27:34
10.7746710152542,59.6572670850075,2021-05-10 19:41:22
10.7748950149105,59.6572600862318,2021-05-10 20:35:32
10.7748540131462,59.6573470859881,2021-05-10 20:42:51
10.7750190048106,59.6577210868034,2021-05-12 10:30:23
10.7750190048106,59.6577210868034,2021-05-12 10:32:23
10.7747210171692,59.6571720853021,2021-05-12 10:34:53
10.774889015819,59.6572180862086,2021-05-12 10:36:57
10.7749050148885,59.6572600862864,2021-05-12 10:38:58
10.7750280146179,59.6572600869578,2021-05-12 10:41:26
10.7750310147818,59.657252086976,2021-05-12 10:43:55
10.7749680159649,59.6572030866433,2021-05-12 10:45:56
10.7748880155015,59.6572330861997,2021-05-12 10:48:23
10.7750060148368,59.6572520868395,2021-05-12 10:50:51
10.774857017275,59.6571530860488,2021-05-12 10:52:51
10.7748830159175,59.6572140861768,2021-05-12 10:54:51
10.7750450196324,59.6570230871047,2021-05-12 10:57:18
10.7751280176592,59.6571070875386,2021-05-12 10:59:18
10.7751880136263,59.6572900878243,2021-05-12 11:01:43
10.7748770122003,59.6573890861041,2021-05-12 11:04:09
10.7748770122003,59.6573890861041,2021-05-12 11:06:34
10.7747390113529,59.6574430853385,2021-05-12 11:08:59
10.7745230182657,59.6571410842284,2021-05-12 11:11:24
10.7748820159197,59.6572140861713,2021-05-12 11:13:49
10.7748680167605,59.6571760861036,2021-05-12 11:16:14
10.775054015861,59.6571990871136,2021-05-12 11:18:42
10.7748940171083,59.6571570862499,2021-05-12 11:21:08
10.7749070169305,59.6571640863192,2021-05-12 11:23:09
10.774963016317,59.6571870866196,2021-05-12 11:25:34
10.7748670116467,59.6574160860433,2021-05-18 12:24:48
10.7747270114645,59.6574390852739,2021-05-18 12:26:49
10.7745310136864,59.6573550842232,2021-05-18 12:28:50
10.7750240123458,59.6573670869115,2021-05-18 12:30:52
10.7750740134721,59.6573090871977,2021-05-18 12:32:52
10.7747190100965,59.6575040852154,2021-05-18 12:34:53
10.7743060143521,59.6573470829968,2021-05-18 12:36:57
10.7744410173804,59.6571910837693,2021-05-18 12:38:59
10.7750150125361,59.6573590868642,2021-05-18 12:40:59
10.775304016462,59.6571450884907,2021-05-18 12:42:59
10.7753340156499,59.6571800886464,2021-05-18 12:44:59
10.7754640151294,59.6571910893535,2021-05-18 12:46:59
10.7753360159865,59.657164088661,2021-05-18 12:49:00
10.7753430163761,59.6571450887035,2021-05-18 12:51:08
10.7753390157241,59.6571760886746,2021-05-18 12:53:08
10.7752450170821,59.6571220881738,2021-05-18 12:55:09
10.7752850161627,59.6571610883833,2021-05-18 12:57:09
10.7753200164267,59.657145088578,2021-05-18 12:59:38
10.7754380149308,59.6572030892089,2021-05-18 13:01:38
10.7753700149312,59.6572100888361,2021-05-18 13:03:39
10.7754130154121,59.657183089077,2021-05-18 13:06:08
10.7751280160392,59.6571830875212,2021-05-18 13:08:08
10.7749010159631,59.657210086276,2021-05-18 13:10:09
10.7749600167286,59.6571680866076,2021-05-18 13:12:09
10.7750330168025,59.6571570870086,2021-05-18 13:14:09
10.774989016814,59.6571610867675,2021-05-18 13:16:10
10.7750430156507,59.6572100870511,2021-05-18 13:18:10
10.7749440128629,59.6573510864785,2021-05-18 13:20:12
10.7745190148426,59.6573020841697,2021-05-21 18:14:58
10.774969011337,59.6574200865992,2021-05-21 18:16:58
10.7748930105237,59.6574660861738,2021-05-21 18:18:58
10.7744120133727,59.6573820835674,2021-05-21 18:20:58
10.7746200115294,59.657447084688,2021-05-21 18:22:58
10.7747940127879,59.6573700856554,2021-05-21 18:24:59
10.7746540136502,59.6573440848971,2021-05-21 18:26:59
10.7747500136095,59.6573360854229,2021-05-21 18:29:28
10.7748010122823,59.6573930856883,2021-05-21 18:31:28
10.7747640124489,59.6573890854872,2021-05-21 18:33:29
10.7747910109187,59.6574580856189,2021-05-21 18:35:59
10.7749010118064,59.6574050862314,2021-05-21 18:37:59
10.7748410122795,59.6573890859076,2021-05-21 18:40:28
10.7747370148532,59.657279085365,2021-05-21 18:42:28
10.7747020144399,59.6573020851687,2021-05-21 18:44:29
10.7747380129751,59.6573670853504,2021-05-21 18:46:59
10.7747110139298,59.6573250852126,2021-05-21 18:49:29
10.7746960141334,59.6573170851325,2021-05-21 18:51:29
10.7747410149296,59.6572750853877,2021-05-21 18:53:30
10.774663014206,59.6573170849524,2021-05-21 18:55:31
10.7746680139605,59.6573280849772,2021-05-21 18:57:31
10.7746630129909,59.6573740849393,2021-05-21 18:59:36
10.7746640137135,59.6573400849526,2021-05-21 19:01:40
10.7745770148002,59.6572980844873,2021-05-21 19:03:41
10.7746690141075,59.6573210849842,2021-05-21 19:05:42
10.774607015054,59.6572830846545,2021-05-21 19:07:44
10.774607015054,59.6572830846545,2021-05-21 19:09:47
10.7749070118785,59.6574010862651,2021-05-21 19:11:51
10.7749070118785,59.6574010862651,2021-05-21 19:13:55
10.7749070118785,59.6574010862651,2021-05-21 19:15:59
10.7749070118785,59.6574010862651,2021-05-21 19:18:03
10.7749100137477,59.6573130863016,2021-05-21 19:32:48
10.7749060136713,59.6573170862788,2021-05-21 19:36:52
10.7749820120332,59.6573860866779,2021-05-21 19:57:23
10.7750080139371,59.6572940868408,2021-05-21 19:59:27
10.7749410123792,59.6573740864569,2021-05-21 20:01:31
10.7748610113402,59.6574310860072,2021-05-21 20:06:14
10.7748440127419,59.657367085929,2021-05-21 20:08:18
10.774987012683,59.6573550867123,2021-05-21 20:10:26
10.7749200136405,59.6573170863552,2021-05-21 20:12:30
10.7749970144516,59.6572710867861,2021-05-21 20:14:34
10.7748650137615,59.657317086055,2021-05-21 20:16:38
10.7749020134456,59.6573280862545,2021-05-21 20:18:41
10.7747940119566,59.6574090856464,2021-05-21 20:20:46
10.7749690126374,59.6573590866131,2021-05-21 20:26:58
10.7747010114365,59.657443085131,2021-05-21 20:34:32
10.7749320127188,59.6573590864112,2021-05-21 20:41:36
10.7751450121648,59.6573630875729,2021-05-21 21:10:01
10.7747630154568,59.657248085514,2021-05-21 21:12:09
10.7753020239483,59.6567940885599,2021-05-24 15:05:56
10.7747260183733,59.6571150853424,2021-05-24 15:08:03
10.7746280135582,59.6573510847536,2021-05-24 15:10:03
10.7751430111247,59.6574120875508,2021-05-24 15:13:28
10.7751190135223,59.6573020874449,2021-05-24 15:40:49
10.774915013417,59.6573280863254,2021-05-24 17:44:34
10.7748970137763,59.6573130862306,2021-05-24 17:46:37
10.774882012104,59.6573930861305,2021-05-24 17:48:38
10.7747000142951,59.6573090851562,2021-05-24 17:50:39
10.7749630119258,59.6573930865726,2021-05-24 17:52:40
10.7749360137758,59.6573090864444,2021-05-24 17:54:43
10.7750460131927,59.6573250870412,2021-05-24 17:56:44
10.7749810135062,59.6573170866882,2021-05-24 17:58:45
10.7748320142391,59.6572980858792,2021-05-24 18:00:45
10.7746860130256,59.6573700850658,2021-05-24 18:02:45
10.7748220132806,59.6573440858141,2021-05-24 18:04:47
10.7749120138286,59.6573090863134,2021-05-24 18:06:47
10.7748420143024,59.6572940859347,2021-05-24 18:08:47
10.7747020146957,59.6572900851714,2021-05-24 18:10:47
10.7746550141383,59.6573210849078,2021-05-24 18:12:47
10.7746660138796,59.6573320849653,2021-05-24 18:14:47
10.7747570149797,59.657271085476,2021-05-24 18:16:47
10.7744730164999,59.6572290839353,2021-05-24 19:37:39
10.7747430113441,59.6574430853603,2021-05-24 19:46:12
10.7746570122581,59.6574090848986,2021-05-24 19:48:13
10.7745090142251,59.6573320841083,2021-05-24 19:50:13
10.7750490112463,59.6574160870368,2021-05-24 19:52:13
10.7750270116144,59.6574010869202,2021-05-24 19:54:14
10.7750270116144,59.6574010869202,2021-05-24 19:56:14
10.7750270116144,59.6574010869202,2021-05-24 19:58:20
10.7750270116144,59.6574010869202,2021-05-24 20:00:20
10.7749260136273,59.657317086388,2021-05-24 20:02:20
10.7749220141263,59.6572940863714,2021-05-24 20:04:25
10.7749640128189,59.6573510865877,2021-05-24 20:06:25
10.7749560129857,59.6573440865456,2021-05-24 20:08:26
10.7750010130572,59.6573360867931,2021-05-24 20:10:56
10.7750050113431,59.6574160867966,2021-05-24 20:12:56
10.7749300130429,59.6573440864037,2021-05-24 20:15:01
10.7749830110717,59.6574310866731,2021-05-24 20:17:03
10.774889015414,59.6572370862043,2021-05-24 20:19:03
10.7747780106275,59.6574730855445,2021-05-25 06:08:38
10.7747780106275,59.6574730855445,2021-05-25 06:10:38
10.7747780106275,59.6574730855445,2021-05-25 06:12:38
10.7751260126969,59.6573400874745,2021-05-25 06:14:38
10.7751360123552,59.6573550875256,2021-05-25 06:17:05
10.7748460118422,59.6574090859303,2021-05-25 06:19:31
10.7747160127038,59.6573820852268,2021-05-25 06:26:46
10.7747900159516,59.6572220856673,2021-05-25 06:29:12
10.774958016328,59.6571870865924,2021-05-25 06:31:38
10.7748590180806,59.6571150860684,2021-05-25 06:36:31
10.7750050166296,59.6571680868533,2021-05-25 06:38:32
10.7749540150365,59.6572480865566,2021-05-25 06:40:57
10.7748810122554,59.6573860861266,2021-05-25 07:21:16
10.7748820122532,59.6573860861321,2021-05-25 07:23:23
10.7747060128111,59.6573780851732,2021-05-25 07:25:25
10.7747820133686,59.6573440855958,2021-05-25 07:27:28
10.7748080126719,59.6573740857309,2021-05-25 07:29:31
10.7747800142683,59.6573020855945,2021-05-25 07:31:32
10.7747800142683,59.6573020855945,2021-05-25 07:33:33
10.7747400113506,59.6574430853439,2021-05-25 07:35:33
10.7747980156142,59.6572370857075,2021-05-25 07:37:34
10.7748220156467,59.6572330858395,2021-05-25 07:40:03
10.7748810170516,59.657161086178,2021-05-25 07:42:07
10.7748950167011,59.657176086251,2021-05-25 07:44:07
10.7748310166927,59.6571830859001,2021-05-25 07:46:07
10.774853016218,59.6572030860156,2021-05-25 07:48:37
10.7748950167011,59.657176086251,2021-05-25 07:50:39
10.7748610161364,59.6572060860585,2021-05-25 07:52:39
10.774883016088,59.6572060861786,2021-05-25 07:54:42
10.7748520154954,59.6572370860023,2021-05-25 07:57:11
10.7749190174583,59.6571380863907,2021-05-25 07:59:13
10.7750170179035,59.6571070869327,2021-05-25 08:01:42
10.7748870185093,59.6570920862265,2021-05-25 08:03:42
10.7749100162631,59.6571950863285,2021-05-25 08:05:46
10.7750230197661,59.6570190869855,2021-05-25 08:07:47
10.7750050191449,59.6570500868802,2021-05-25 08:09:47
10.7750270119342,59.6573860869236,2021-05-25 11:56:09
10.7749020135948,59.6573210862561,2021-05-25 11:58:12
10.7749570148594,59.6572560865711,2021-05-25 12:00:12
10.7749350118169,59.657401086418,2021-05-25 12:02:12
10.7751320138987,59.6572830875202,2021-05-25 12:04:13
10.7749600128277,59.6573510865658,2021-05-25 12:06:38
10.7748960126274,59.6573670862128,2021-05-25 12:09:04
10.7748500102133,59.6574850859348,2021-05-25 12:11:29
10.7749840148,59.6572560867185,2021-05-25 12:13:58
10.7749430083886,59.6575610864251,2021-05-25 14:04:36
10.7749740111555,59.6574280866247,2021-05-25 14:06:40
10.7749170103856,59.6574700863039,2021-05-25 14:08:42
10.7749310167071,59.6571720864484,2021-05-25 14:19:52
10.7749080124518,59.6573740862767,2021-05-25 14:24:20
10.7749210103129,59.6574730863251,2021-05-25 14:28:25
10.7747950091193,59.6575420856215,2021-05-25 14:30:26
10.7748030121073,59.6574010856974,2021-05-25 14:34:26
10.7748720127655,59.6573630860827,2021-05-25 14:36:29
10.7747780121623,59.6574010855609,2021-05-25 14:38:30
10.7745620145988,59.6573090844029,2021-05-25 14:40:34
10.7746120094367,59.6575460846217,2021-05-25 17:20:09
10.7748050112076,59.6574430856987,2021-05-25 17:22:39
10.7747160141746,59.6573130852426,2021-05-25 17:24:39
10.7749400128717,59.6573510864567,2021-05-25 17:27:08
10.7749020135095,59.6573250862552,2021-05-25 17:29:09
10.774972013121,59.6573360866348,2021-05-25 17:31:37
10.7750050131337,59.6573320868158,2021-05-25 17:34:03
10.775058012271,59.6573670870971,2021-05-25 17:36:28
10.7749990124008,59.6573670867751,2021-05-25 17:38:56
10.7744760138927,59.6573510839239,2021-05-25 17:41:23
10.774503012938,59.6573930840616,2021-05-25 17:43:49
10.7746880135754,59.6573440850827,2021-05-25 17:46:15
10.7746550139038,59.6573320849053,2021-05-25 17:48:42
10.7750090123149,59.6573700868289,2021-05-25 17:51:09
10.7749850121971,59.6573780866961,2021-05-25 17:53:36
10.7747210126075,59.6573860852532,2021-05-25 17:56:02
10.7746380136215,59.6573470848091,2021-05-25 17:58:28
10.7746180122799,59.657412084685,2021-05-25 18:00:55
10.7748690118768,59.6574050860568,2021-05-25 18:03:21
10.7746100135126,59.6573550846544,2021-05-25 18:05:47
10.7747520141807,59.65730908544,2021-05-25 18:08:13
10.774711012395,59.6573970851961,2021-05-25 18:10:39
10.7750540110647,59.6574240870623,2021-05-25 18:13:06
10.7749540149512,59.6572520865557,2021-05-25 18:15:34
10.7748770171457,59.657157086157,2021-05-25 18:18:01
10.7747980168293,59.6571800857206,2021-05-25 18:20:27
10.7749640138634,59.6573020865988,2021-05-25 18:22:54
10.7749180178016,59.6571220863889,2021-05-25 18:25:20
10.7748630124656,59.6573780860302,2021-05-25 19:17:22
10.7749070104076,59.6574700862493,2021-05-25 19:19:22
10.7749070104076,59.6574700862493,2021-05-25 19:21:22
10.774639013193,59.6573670848099,2021-05-25 19:23:22
10.7745930128252,59.6573890845538,2021-05-25 19:25:51
10.7744600128621,59.6574010838251,2021-05-25 19:27:51
10.7748400130917,59.6573510859108,2021-05-25 19:30:18
10.7750460105921,59.6574470870134,2021-05-25 19:32:43
10.7749940125823,59.6573590867496,2021-05-25 19:35:08
10.7748770136498,59.6573210861196,2021-05-25 19:37:33
10.774819013948,59.6573130858048,2021-05-25 19:39:58
10.7747780137824,59.6573250855783,2021-05-25 19:42:23
10.7747780137824,59.6573250855783,2021-05-25 19:44:48
10.774702011349,59.6574470851356,2021-05-26 11:25:45
10.7748420128315,59.657363085919,2021-05-26 11:29:45
10.7749320121432,59.657386086405,2021-05-26 11:31:45
10.774855008902,59.6575460859481,2021-05-26 11:34:13
10.7749630111797,59.6574280865646,2021-05-26 11:36:39
10.7749210111229,59.6574350863338,2021-05-26 11:41:29
10.7749410113986,59.6574200864464,2021-05-26 11:43:54
10.7748900121717,59.657389086175,2021-05-26 11:46:19
10.7749090115543,59.6574160862726,2021-05-26 11:48:44
10.7748100130725,59.6573550857461,2021-05-26 12:01:01
10.7746080179934,59.6571450846914,2021-05-26 12:03:28
10.7746190197598,59.6570610847707,2021-05-26 12:05:53
10.7749330091354,59.6575270863783,2021-05-26 14:12:28
10.7748160195608,59.6570500858485,2021-05-26 14:16:31
10.7749130157662,59.6572180863397,2021-05-26 14:45:27
10.7748640164496,59.6571910860783,2021-05-26 14:47:52
10.7749680155599,59.657222086639,2021-05-26 14:50:21
10.7750290155962,59.6572140869738,2021-05-26 14:54:45
10.7748650153815,59.6572410860724,2021-05-26 14:57:11
10.7750170163474,59.657180086916,2021-05-26 14:59:38
10.775159016376,59.6571640876948,2021-05-26 15:04:32
10.7750190157888,59.657206086921,2021-05-26 15:06:58
10.7749730161245,59.6571950866724,2021-05-26 15:09:26
10.7750890153789,59.6572180873004,2021-05-26 15:11:52
10.7751060162368,59.6571760874027,2021-05-26 15:13:53
10.7750460153883,59.6572220870647,2021-05-26 15:16:20
10.7749590146844,59.6572640865802,2021-05-26 15:26:08
10.7750120158681,59.6572030868835,2021-05-26 15:28:09
10.7750120158681,59.6572030868835,2021-05-26 15:30:09
10.7748370100927,59.6574920858622,2021-05-26 16:29:48
10.7749020109942,59.6574430862282,2021-05-26 16:31:52
10.7748830107162,59.6574580861211,2021-05-26 16:38:48
10.7746550190198,59.6570920849601,2021-05-26 16:41:55
10.7749540111356,59.6574310865148,2021-05-26 16:44:39
10.7749540111356,59.6574310865148,2021-05-26 16:46:39
10.7749540111356,59.6574310865148,2021-05-26 16:48:44
10.7749540111356,59.6574310865148,2021-05-26 16:50:44
10.7749540111356,59.6574310865148,2021-05-26 16:52:44
10.7749540111356,59.6574310865148,2021-05-26 16:54:44
10.7749540111356,59.6574310865148,2021-05-26 16:56:44
10.7749540111356,59.6574310865148,2021-05-26 16:58:44
10.7749540111356,59.6574310865148,2021-05-26 17:00:44
10.7749540111356,59.6574310865148,2021-05-26 17:02:44
10.7749540111356,59.6574310865148,2021-05-26 17:04:44
10.7749540111356,59.6574310865148,2021-05-26 17:06:44
10.7749540111356,59.6574310865148,2021-05-26 17:08:44
10.7749540111356,59.6574310865148,2021-05-26 17:10:44
10.7749540111356,59.6574310865148,2021-05-26 17:12:44
10.7749540111356,59.6574310865148,2021-05-26 17:14:44
10.7749540111356,59.6574310865148,2021-05-26 17:16:44
10.7749540111356,59.6574310865148,2021-05-26 17:18:44
10.7749540111356,59.6574310865148,2021-05-26 17:20:44
10.7749540111356,59.6574310865148,2021-05-26 17:22:44
10.7749540111356,59.6574310865148,2021-05-26 17:24:44
10.7749540111356,59.6574310865148,2021-05-26 17:26:44
10.7749540111356,59.6574310865148,2021-05-26 17:28:44
10.7749540111356,59.6574310865148,2021-05-26 17:30:44
10.7749540111356,59.6574310865148,2021-05-26 17:32:44
10.7749540111356,59.6574310865148,2021-05-26 17:34:44
10.7749540111356,59.6574310865148,2021-05-26 17:36:44
10.7749540111356,59.6574310865148,2021-05-26 17:38:44
10.7750170168377,59.6571570869213,2021-05-26 17:40:47
10.7750170168377,59.6571570869213,2021-05-26 17:43:15
10.7750170168377,59.6571570869213,2021-05-26 17:45:41
10.7750170168377,59.6571570869213,2021-05-26 17:48:05
10.7751080100506,59.6574660873475,2021-05-26 17:50:31
10.775104006734,59.65762208729,2021-05-26 17:52:56
10.775104006734,59.65762208729,2021-05-26 17:55:21
10.7749000151553,59.6572480862618,2021-05-26 17:57:48
10.7748370124375,59.6573820858873,2021-05-26 18:00:13
10.7750400158065,59.6572030870363,2021-05-26 18:02:38
10.7750400158065,59.6572030870363,2021-05-26 18:05:03
10.7750400158065,59.6572030870363,2021-05-26 18:07:30
10.7750400158065,59.6572030870363,2021-05-26 18:09:56
10.7749300176046,59.6571300864525,2021-05-26 18:12:21
10.7748080181928,59.65711508579,2021-05-26 18:14:46
10.7748080181928,59.65711508579,2021-05-26 18:17:12
10.7748080181928,59.65711508579,2021-05-26 18:19:37
10.7748080181928,59.65711508579,2021-05-26 18:22:02
10.7748080181928,59.65711508579,2021-05-26 18:24:26
10.774937011983,59.6573930864307,2021-05-26 19:52:28
10.7750210074069,59.6575990868422,2021-05-26 20:48:21
10.7748940084111,59.6575650861567,2021-05-26 20:50:46
10.7749910111181,59.6574280867175,2021-05-26 20:53:11
10.7750890108385,59.6574310872517,2021-05-27 06:24:33
10.7750320131595,59.6573280869641,2021-05-27 06:26:33
10.7750320131595,59.6573280869641,2021-05-27 06:28:36
10.7748210122383,59.6573930857975,2021-05-27 06:30:36
10.7747390120137,59.6574120853455,2021-05-27 06:33:02
10.774778010862,59.657462085547,2021-05-27 06:35:27
10.7748190116671,59.6574200857804,2021-05-27 06:37:53
10.7746300137883,59.657340084767,2021-05-27 06:40:18
10.7747820179303,59.6571300856446,2021-05-27 06:42:43
10.7750520168459,59.6571530871132,2021-05-27 07:37:11
10.775049016682,59.657161087095,2021-05-27 07:39:12
10.775049016682,59.657161087095,2021-05-27 07:41:13
10.7749170169724,59.6571610863745,2021-05-27 08:01:24
10.7747170197786,59.6570500853081,2021-05-27 09:54:57
10.7747830185036,59.6571030856563,2021-05-27 09:56:57
10.7747830185036,59.6571030856563,2021-05-27 09:58:57
10.7748610153264,59.6572440860499,2021-05-27 10:00:58
10.7746560110452,59.6574660848801,2021-05-27 10:03:15
10.7748190140972,59.6573060858064,2021-05-27 10:05:16
10.7748530128073,59.657363085979,2021-05-27 10:09:16
10.7748970106854,59.6574580861975,2021-05-27 10:11:17
10.7748850127369,59.6573630861537,2021-05-27 10:13:21
10.7748710106574,59.6574620860547,2021-05-27 10:15:22
10.7749200108693,59.6574470863256,2021-05-27 10:17:24
10.7749700123154,59.6573740866152,2021-05-27 10:19:25
10.7749550122631,59.6573780865324,2021-05-27 10:21:25
10.7749510103108,59.6574700864895,2021-05-27 10:23:25
10.7749510103108,59.6574700864895,2021-05-27 10:25:25
10.7749840092789,59.6575150866594,2021-05-27 10:27:25
10.7749740087254,59.6575420865986,2021-05-27 10:29:25
10.7749740087254,59.6575420865986,2021-05-27 10:31:25
10.774955009833,59.6574920865063,2021-05-27 10:33:25
10.774869013838,59.6573130860778,2021-05-27 10:35:36
10.7750250138144,59.6572980869328,2021-05-27 10:38:00
10.7749070153744,59.6572370863026,2021-05-27 10:40:04
10.7745770134999,59.6573590844733,2021-05-27 16:56:16
10.7747160131941,59.6573590852321,2021-05-27 16:58:16
10.7747030124979,59.6573930851534,2021-05-27 17:08:16
10.7747290126752,59.6573820852978,2021-05-27 17:10:16
10.7747290126752,59.6573820852978,2021-05-27 17:12:16
10.7747810135413,59.6573360855922,2021-05-27 17:20:46
10.7749760157981,59.6572100866854,2021-05-27 17:28:52
10.775054016266,59.657180087118,2021-05-27 17:30:52
10.7749310165366,59.6571800864466,2021-05-27 17:32:52
10.7748940155735,59.6572290862334,2021-05-27 17:34:52
10.7751230168602,59.6571450875026,2021-05-27 17:36:52
10.775009015555,59.6572180868637,2021-05-27 17:40:52
10.7748420164127,59.6571950859573,2021-05-27 17:42:52
10.774969015238,59.657237086641,2021-05-27 17:44:52
10.7749160153546,59.6572370863517,2021-05-27 17:47:49
10.7746320128034,59.6573860847674,2021-05-27 17:53:56
10.7748550158938,59.6572180860231,2021-05-27 17:55:56
10.7748300143288,59.6572940858692,2021-05-27 17:57:56
10.7748480143744,59.6572900859684,2021-05-27 17:59:56
10.7748630144907,59.6572830860519,2021-05-27 18:03:58
10.7749760140928,59.6572900866671,2021-05-27 18:05:58
10.7749720140163,59.6572940866443,2021-05-27 18:07:59
10.7749100156236,59.6572250863217,2021-05-27 18:10:00
10.7747650123615,59.6573930854918,2021-05-27 18:13:26
10.7749440087061,59.657546086434,2021-05-27 18:20:33
10.7754910118085,59.657344089466,2021-05-27 18:23:25
10.7751630057088,59.6576640876025,2021-05-27 18:25:29
10.7751450124206,59.6573510875757,2021-05-27 18:27:33
10.7755740096008,59.6574390898974,2021-05-27 18:29:51
10.7751540146817,59.6572440876492,2021-05-27 18:35:53
10.7752210145343,59.657244088015,2021-05-27 19:15:24
10.7749630091546,59.6575230865429,2021-05-27 19:34:54
10.7750330137116,59.6573020869755,2021-05-27 19:43:50
10.7750780132075,59.6573210872168,2021-05-27 19:46:15
10.7749260112611,59.6574280863627,2021-05-27 19:48:42
10.7749810168316,59.6571610867239,2021-05-27 19:53:33
10.7749310171122,59.6571530864528,2021-05-27 19:55:58
10.7749490157723,59.6572140865371,2021-05-27 19:58:24
10.7748870172942,59.6571490862135,2021-05-27 20:00:50
10.774919016563,59.6571800863811,2021-05-27 20:03:14
10.7749660144345,59.6572750866159,2021-05-27 20:05:42
10.7747100061301,59.6576910851235,2021-05-27 20:13:03
10.7747420036295,59.6578050852722,2021-05-27 20:15:30
10.7746920052744,59.6577330850157,2021-05-27 20:17:56
10.7742650016734,59.6579460826362,2021-05-27 20:20:20
10.774058000658,59.6580150814905,2021-05-27 20:22:46
10.7739280042057,59.6578620808158,2021-05-27 20:25:10
10.7744750052616,59.6577560838259,2021-05-27 20:27:39
10.7749460105776,59.657458086465,2021-05-27 20:30:04
10.7747700111994,59.6574470855068,2021-05-27 20:32:28
10.7749440120529,59.6573890864698,2021-05-27 20:34:54
10.7750240113865,59.6574120869012,2021-05-27 20:37:19
10.7749160095778,59.6575080862898,2021-05-27 20:47:01
10.7748480120936,59.657397085944,2021-05-27 20:49:01
10.7747650145571,59.6572900855153,2021-05-28 11:41:47
10.7750320144599,59.657267086978,2021-05-28 11:43:48
10.7750330138821,59.6572940869773,2021-05-28 11:45:52
10.7751540116547,59.6573860876168,2021-05-28 11:47:54
10.7750310116056,59.657401086942,2021-05-28 11:49:58
10.7751310143912,59.65726008752,2021-05-28 11:52:04
10.7750950133407,59.6573130873114,2021-05-28 11:54:09
10.7749520128453,59.6573510865222,2021-05-28 11:56:13
10.7750800127981,59.6573400872234,2021-05-28 11:58:17
10.7749390122983,59.657378086445,2021-05-28 12:00:21
10.7749750127947,59.6573510866477,2021-05-28 12:02:25
10.7752570129842,59.6573130881957,2021-05-28 12:04:29
10.7751560131212,59.6573170876435,2021-05-28 12:06:37
10.7751700130051,59.657321087719,2021-05-28 12:08:42
10.7751420129175,59.6573280875646,2021-05-28 12:10:45
10.7753190133381,59.6572900885394,2021-05-28 12:12:50
10.7752890125088,59.6573320883661,2021-05-28 12:14:55
10.7753720135412,59.6572750888321,2021-05-28 12:17:05
10.7753720135412,59.6572750888321,2021-05-28 12:19:09
10.7749640124778,59.657367086584,2021-05-28 12:21:13
10.7746580144515,59.6573060849276,2021-05-28 12:23:17
10.7744980155496,59.6572710840622,2021-05-28 12:25:22
10.7745460176396,59.6571680843477,2021-05-28 12:27:31
10.7744690210491,59.6570160839621,2021-05-28 12:29:35
10.7744470179427,59.6571640838082,2021-05-28 12:31:45
10.7750000119296,59.6573890867755,2021-05-28 12:33:51
10.775033012262,59.65737008696,2021-05-28 12:35:54
10.7749630172975,59.6571410866302,2021-05-28 12:37:57
10.7751750157652,59.657191087776,2021-05-28 12:40:01
10.7753400171075,59.6571110886949,2021-05-28 12:42:01
10.77546801414,59.6572370893648,2021-05-28 12:44:03
10.7754570139297,59.6572480893023,2021-05-28 12:46:04
10.7751650150625,59.6572250877136,2021-05-28 12:48:06
10.7751090136296,59.6572980873913,2021-05-28 12:50:12
10.7751080133973,59.6573090873833,2021-05-28 12:52:14
10.7749630134606,59.6573210865891,2021-05-28 12:54:23
10.7749490120419,59.6573890864971,2021-05-28 12:56:27
10.7749490120419,59.6573890864971,2021-05-28 12:58:30
10.7749490120419,59.6573890864971,2021-05-28 13:00:34
10.7749490120419,59.6573890864971,2021-05-28 13:02:37
10.7750950130209,59.657328087308,2021-05-28 13:04:41
10.7751960155485,59.6571990878888,2021-05-28 13:06:42
10.7750830135163,59.6573060872475,2021-05-28 13:08:46
10.7750830135163,59.6573060872475,2021-05-28 13:10:48
10.7750920137523,59.6572940872994,2021-05-28 13:12:53
10.7749110152803,59.6572410863235,2021-05-28 13:15:02
10.7749910133137,59.657325086741,2021-05-28 13:17:06
10.7749120147239,59.657267086323,2021-05-28 13:19:10
10.7749800166846,59.6571680867168,2021-05-28 13:21:13
10.775101014308,59.6572670873547,2021-05-28 13:23:18
10.7751650137622,59.6572860876997,2021-05-28 13:25:23
10.7754130149858,59.6572030890724,2021-05-28 13:27:25
10.7752790147264,59.657229088335,2021-05-28 13:29:27
10.7751650143164,59.6572600877056,2021-05-28 13:31:31
10.775070013886,59.6572900871802,2021-05-28 13:33:35
10.775070013886,59.6572900871802,2021-05-28 13:35:39
10.7750750125746,59.6573510871936,2021-05-28 13:37:43
10.7751910127244,59.6573320878311,2021-05-28 13:39:47
10.7751180127998,59.6573360874317,2021-05-28 13:41:50
10.7750960146388,59.6572520873308,2021-05-28 13:43:57
10.7750650132361,59.6573210871458,2021-05-28 13:46:02
10.7749520155951,59.6572220865516,2021-05-28 13:48:06
10.775101015118,59.6572290873633,2021-05-28 13:50:09
10.7750070171155,59.6571450868694,2021-05-28 13:52:14
10.7748710159439,59.6572140861113,2021-05-28 13:54:18
10.77489301613,59.6572030862339,2021-05-28 13:56:22
10.7748740155323,59.6572330861233,2021-05-28 13:58:26
10.7748740155323,59.6572330861233,2021-05-28 14:00:30
10.7748740155323,59.6572330861233,2021-05-28 14:02:35
10.7749650154173,59.657229086621,2021-05-28 14:04:41
10.775045013536,59.6573090870394,2021-05-28 14:06:50
10.7751270155511,59.6572060875105,2021-05-28 14:08:55
10.77492301519,59.6572440863883,2021-05-28 14:11:02
10.77492301519,59.6572440863883,2021-05-28 14:13:09
10.7748410166707,59.6571830859546,2021-05-28 14:15:20
10.7748220176078,59.6571410858605,2021-05-28 14:17:28
10.7748220162862,59.6572030858464,2021-05-28 14:19:34
10.7749560155224,59.6572250865728,2021-05-28 14:21:43
10.7749560155224,59.6572250865728,2021-05-28 14:23:47
10.7749560155224,59.6572250865728,2021-05-28 14:25:51
10.7748660162746,59.6571990860874,2021-05-28 14:34:07
10.7750780159787,59.6571910872465,2021-05-28 14:36:12
10.775105016644,59.6571570874016,2021-05-28 14:38:17
10.7751970198522,59.6569970879404,2021-05-28 14:40:21
10.7754370213705,59.6569010892724,2021-05-28 14:42:25
10.7753840215723,59.6568970889839,2021-05-28 14:44:28
10.7755110214421,59.6568900896788,2021-05-28 14:46:33
10.7756050215763,59.6568740901956,2021-05-28 14:48:35
10.7755750224524,59.6568360900405,2021-05-28 14:50:36
10.7755260227094,59.6568290897746,2021-05-28 14:52:40
10.7754850218404,59.6568740895405,2021-05-28 14:54:44
10.7754850218404,59.6568740895405,2021-05-28 14:56:47
10.7755060202381,59.6569470896385,2021-05-28 14:58:51
10.7754780183599,59.6570380894649,2021-05-28 15:00:52
10.7753430193817,59.6570040887357,2021-05-28 15:02:53
10.7754790182725,59.6570420894694,2021-05-28 15:04:56
10.7753960159185,59.6571610889892,2021-05-28 15:07:03
10.7751080132268,59.6573170873815,2021-05-28 15:13:08
10.7748470184268,59.6571000860063,2021-05-28 15:31:57
10.7750780135273,59.6573060872202,2021-05-28 15:36:09
10.7751840156602,59.6571950878242,2021-05-28 15:42:19
10.7751800151787,59.6572180877971,2021-05-28 15:44:22
10.7752950137106,59.6572750884118,2021-05-28 15:46:25
10.7750800148445,59.6572440872453,2021-05-28 15:48:29
10.7748940103723,59.6574730861777,2021-05-28 15:54:41
10.7752460128379,59.6573210881339,2021-05-28 15:56:44
10.7752140146136,59.6572410879774,2021-05-28 15:58:49
10.7752560129011,59.6573170881894,2021-05-28 16:00:53
10.7750470158764,59.6571990870755,2021-05-28 17:07:13
10.7749920174682,59.657130086791,2021-05-28 17:09:17
10.7750480171745,59.6571380870948,2021-05-28 17:11:22
10.7750610149503,59.6572410871423,2021-05-28 17:13:26
10.7750660166446,59.6571610871878,2021-05-28 17:15:30
10.7751590177402,59.6571000877094,2021-05-28 17:17:36
10.7751210160546,59.657183087483,2021-05-28 17:19:40
10.7749960164789,59.6571760868023,2021-05-28 17:23:49
10.7750260170737,59.6571450869731,2021-05-28 17:25:53
10.7750260158373,59.6572030869599,2021-05-28 17:30:00
10.7750020174462,59.6571300868455,2021-05-28 17:40:24
10.7749430178105,59.657119086526,2021-05-28 17:42:29
10.7749100166681,59.6571760863328,2021-05-28 17:46:39
10.7749030174296,59.6571410863026,2021-05-28 17:48:43
10.7749400179024,59.6571150865106,2021-05-28 18:01:07
10.7748510172029,59.6571570860151,2021-05-28 18:03:11
10.7748790199124,59.6570270861977,2021-05-28 18:05:15
10.7751450158313,59.6571910876122,2021-05-28 18:07:19
10.7750910124542,59.65735508728,2021-05-28 18:11:27
10.775014015544,59.657218086891,2021-05-28 18:17:41
10.77520201545,59.6572030879206,2021-05-28 18:19:45
10.7751700161813,59.657172087753,2021-05-28 18:21:49
10.7750270114439,59.6574090869183,2021-05-28 18:40:37
10.7749820153799,59.6572290867138,2021-05-28 18:44:47
10.7747830127269,59.6573740855944,2021-05-28 18:53:04
10.7748240129564,59.6573590858216,2021-05-28 18:55:08
10.7747970135061,59.6573360856795,2021-05-28 18:57:12
10.7748550121634,59.6573930859831,2021-05-28 18:59:16
10.7749360124755,59.6573700864305,2021-05-28 19:05:28
10.7749310126357,59.6573630864048,2021-05-28 19:07:32
10.7751460116084,59.6573890875725,2021-05-28 19:28:13
10.774852018096,59.6571150860302,2021-05-28 19:34:25
10.7748780168238,59.6571720861591,2021-05-28 19:36:30
10.7749350120727,59.6573890864207,2021-05-28 20:24:14
10.7748710104868,59.6574700860528,2021-05-28 20:26:17
10.7748070139744,59.6573130857393,2021-05-28 20:28:18
10.7746290114457,59.6574500847364,2021-05-28 20:30:18
10.77486101166,59.6574160860106,2021-05-28 20:32:19
10.7749320106937,59.6574540863895,2021-05-28 20:34:19
10.7748010112164,59.6574430856769,2021-05-28 20:36:19
10.7748320106579,59.6574660858409,2021-05-28 20:38:19
10.774816012974,59.657359085778,2021-05-28 20:40:19
10.7747260228496,59.6569050853903,2021-05-29 10:18:54
10.7747260228496,59.6569050853903,2021-05-29 10:20:58
10.7749350193842,59.657046086499,2021-05-29 10:23:02
10.7750110176609,59.6571190868972,2021-05-29 10:25:06
10.7750120179145,59.6571070869054,2021-05-29 10:27:10
10.7750230165047,59.6571720869506,2021-05-29 10:29:14
10.7750230165047,59.6571720869506,2021-05-29 10:31:18
10.7749350155686,59.6572250864581,2021-05-29 10:33:22
10.7749660156496,59.657218086629,2021-05-29 10:35:26
10.7750180156204,59.6572140869137,2021-05-29 10:37:31
10.7750500150597,59.6572370870831,2021-05-29 10:39:36
10.7750500150597,59.6572370870831,2021-05-29 10:41:40
10.7749640158245,59.6572100866199,2021-05-29 10:43:44
10.7749640158245,59.6572100866199,2021-05-29 10:45:48
10.7749640158245,59.6572100866199,2021-05-29 10:47:54
10.7749640158245,59.6572100866199,2021-05-29 10:50:00
10.7749640158245,59.6572100866199,2021-05-29 10:52:10
10.7749640158245,59.6572100866199,2021-05-29 10:54:13
10.7749400147262,59.6572640864765,2021-05-29 10:56:19
10.7749400147262,59.6572640864765,2021-05-29 10:58:24
10.7749400147262,59.6572640864765,2021-05-29 11:00:30
10.7749400147262,59.6572640864765,2021-05-29 11:02:34
10.774935014183,59.6572900864433,2021-05-29 11:04:39
10.774935014183,59.6572900864433,2021-05-29 11:06:43
10.774935014183,59.6572900864433,2021-05-29 11:08:47
10.774935014183,59.6572900864433,2021-05-29 11:10:52
10.774935014183,59.6572900864433,2021-05-29 11:12:56
10.774935014183,59.6572900864433,2021-05-29 11:15:01
10.774935014183,59.6572900864433,2021-05-29 11:17:07
10.7749970155814,59.6572180867982,2021-05-29 11:19:13
10.7749970155814,59.6572180867982,2021-05-29 11:21:19
10.7748750148693,59.6572640861217,2021-05-29 11:23:26
10.7749260150981,59.6572480864038,2021-05-29 11:25:33
10.7749260150981,59.6572480864038,2021-05-29 11:27:40
10.7749850151175,59.6572410867274,2021-05-29 11:29:48
10.7750610174869,59.6571220871694,2021-05-29 11:31:57
10.7749670152424,59.6572370866301,2021-05-29 11:34:01
10.7750110150603,59.6572410868693,2021-05-29 11:36:07
10.7749690146624,59.6572640866348,2021-05-29 11:38:12
10.7750370150883,59.6572370870122,2021-05-29 11:40:19
10.77497301589,59.6572060866699,2021-05-29 11:42:26
10.77497301589,59.6572060866699,2021-05-29 11:44:33
10.77497301589,59.6572060866699,2021-05-29 11:46:37
10.7749160154399,59.6572330863526,2021-05-29 11:48:43
10.7750160157954,59.6572060869046,2021-05-29 11:50:53
10.7750160157954,59.6572060869046,2021-05-29 11:52:57
10.7749920153579,59.6572290867684,2021-05-29 11:55:01
10.7751180132901,59.657313087437,2021-05-29 11:57:08
10.775162012703,59.6573360876719,2021-05-29 11:59:19
10.7749120132531,59.6573360863073,2021-05-29 12:01:23
10.7748430126801,59.6573700859228,2021-05-29 12:03:27
10.7749420122917,59.6573780864614,2021-05-29 12:05:31
10.7749890107175,59.6574470867022,2021-05-29 12:07:37
10.7750110125449,59.6573590868424,2021-05-29 12:09:40
10.7752720146565,59.6572330882959,2021-05-29 12:11:44
10.7752140125033,59.6573400879548,2021-05-29 12:13:49
10.7753390132941,59.6572900886486,2021-05-29 12:15:53
10.7751730137446,59.6572860877434,2021-05-29 12:17:57
10.775271013934,59.6572670882826,2021-05-29 12:20:02
10.7751900147517,59.6572370878473,2021-05-29 12:22:05
10.7747800132238,59.6573510855833,2021-05-29 12:38:41
10.7745390169089,59.6572030843015,2021-05-29 12:40:45
10.7748460122685,59.6573890859349,2021-05-29 12:42:48
10.7747570185608,59.6571030855144,2021-05-29 13:00:42
10.774553014043,59.6573360843476,2021-05-29 13:42:18
10.7747340170554,59.6571760853721,2021-05-29 13:46:34
10.7748760163379,59.6571950861429,2021-05-29 13:50:50
10.7747030131374,59.6573630851602,2021-05-29 14:03:35
10.7746960135578,59.6573440851263,2021-05-29 14:35:02
10.7750270126803,59.6573510869316,2021-05-29 14:49:31
10.7750790134611,59.657309087225,2021-05-29 14:51:35
10.7751100133929,59.6573090873942,2021-05-29 14:57:47
10.7752600136171,59.657283088219,2021-05-29 14:59:51
10.7751410123442,59.657355087553,2021-05-29 15:01:55
10.7750250138997,59.6572940869336,2021-05-29 15:03:59
10.7750000127397,59.6573510867842,2021-05-29 15:06:03
10.7751310141567,59.6572710875175,2021-05-29 15:14:19
10.7750580129318,59.6573360871042,2021-05-29 15:16:23
10.7749660125587,59.6573630865958,2021-05-29 15:18:31
10.7750160130242,59.6573360868749,2021-05-29 15:20:37
10.7750740128113,59.6573400871906,2021-05-29 15:26:52
10.7750250121091,59.6573780869145,2021-05-29 15:28:57
10.7750650135559,59.6573060871493,2021-05-29 15:31:00
10.7751480139488,59.6572790876085,2021-05-29 15:33:04
10.7751610113196,59.6574010876516,2021-05-29 15:35:08
10.7749830130968,59.6573360866948,2021-05-29 15:37:12
10.7750850129577,59.6573320872525,2021-05-29 15:39:16
10.7751570106036,59.657435087622,2021-05-29 15:41:20
10.7751850139527,59.6572750878114,2021-05-29 15:43:23
10.7752900121868,59.6573470883681,2021-05-29 15:45:27
10.7753050136034,59.6572790884655,2021-05-29 15:47:32
10.7752560128159,59.6573210881885,2021-05-29 15:49:35
10.7753750118293,59.6573550888303,2021-05-29 15:51:39
10.7752230128885,59.6573210880083,2021-05-29 15:53:44
10.775153011593,59.6573890876107,2021-05-29 15:55:47
10.7752420161934,59.6571640881479,2021-05-29 15:57:51
10.7749080119615,59.6573970862715,2021-05-29 15:59:59
10.7749480118735,59.6573970864898,2021-05-29 16:02:03
10.7749030154685,59.6572330862816,2021-05-29 16:04:07
10.7749830139921,59.6572940867044,2021-05-29 16:06:11
10.7748640165348,59.6571870860793,2021-05-29 16:08:15
10.7750220135866,59.6573090869139,2021-05-29 16:10:19
10.7749640137781,59.657306086598,2021-05-29 16:12:25
10.7751210118126,59.6573820874376,2021-05-29 16:14:29
10.7750560123607,59.6573630870871,2021-05-29 16:16:33
10.7748150124859,59.6573820857672,2021-05-29 16:18:40
10.7750510105171,59.65745008704,2021-05-29 16:20:44
10.7748710116379,59.6574160860652,2021-05-29 16:22:48
10.7749260110266,59.6574390863602,2021-05-29 16:24:52
10.7748900119159,59.6574010861723,2021-05-29 16:26:56
10.7748390130087,59.6573550859044,2021-05-29 16:29:00
10.7750970115457,59.6573970873032,2021-05-29 16:31:04
10.7750970115457,59.6573970873032,2021-05-29 16:33:08
10.7749390113178,59.6574240864345,2021-05-29 16:35:12
10.774931013936,59.6573020864187,2021-05-29 16:37:16
10.7747880125453,59.6573820856199,2021-05-29 16:39:21
10.774839013904,59.657313085914,2021-05-29 16:41:28
10.7747930123851,59.6573890856456,2021-05-29 16:43:35
10.7748820120188,59.6573970861295,2021-05-29 16:45:44
10.774942013187,59.657336086471,2021-05-29 16:48:25
10.7748170127373,59.6573700857809,2021-05-29 16:50:33
10.7748520125751,59.6573740859711,2021-05-29 16:52:41
10.7749500119544,59.6573930865016,2021-05-29 16:54:49
10.7749430122895,59.6573780864669,2021-05-29 16:56:57
10.7747370140432,59.6573170853563,2021-05-29 16:59:05
10.7748220139414,59.6573130858212,2021-05-29 17:01:13
10.7749300135332,59.6573210864089,2021-05-29 17:03:43
10.7748700127699,59.6573630860718,2021-05-29 17:06:10
10.775005015244,59.6572330868384,2021-05-29 17:08:18
10.7747990176584,59.6571410857349,2021-05-29 17:10:25
10.7748950174472,59.657141086259,2021-05-29 17:12:29
10.7746580187787,59.6571030849739,2021-05-29 17:14:34
10.7749020151509,59.6572480862728,2021-05-29 17:16:41
10.7747960151284,59.6572600856914,2021-05-29 17:18:46
10.7749320128893,59.657351086413,2021-05-29 17:20:50
10.7749490151967,59.6572410865309,2021-05-29 17:22:55
10.7748160158944,59.6572220858092,2021-05-29 17:24:59
10.774873016174,59.6572030861247,2021-05-29 17:27:03
10.775004016717,59.6571640868487,2021-05-29 17:29:07
10.7751400152667,59.6572180875788,2021-05-29 17:31:10
10.7750320124135,59.6573630869561,2021-05-29 17:33:15
10.7748130140464,59.657309085773,2021-05-29 17:35:22
10.7746940147986,59.6572860851287,2021-05-29 17:37:32
10.7745990186527,59.6571150846492,2021-05-29 17:39:37
10.7746260177833,59.6571530847879,2021-05-29 17:41:41
10.774695018612,59.657107085175,2021-05-29 17:43:45
10.7750160160298,59.6571950869071,2021-05-29 17:45:50
10.7753120159541,59.6571680885291,2021-05-29 17:47:54
10.775372014266,59.6572410888399,2021-05-29 17:49:56
10.7753520143952,59.6572370887316,2021-05-29 17:52:00
10.7748990122158,59.6573860862249,2021-05-29 17:55:16
10.7748780134984,59.6573280861234,2021-05-29 17:57:20
10.774816018026,59.6571220858321,2021-05-29 17:59:22
10.7748960157183,59.6572220862459,2021-05-29 18:01:25
10.7748800185247,59.6570920861883,2021-05-29 18:03:28
10.7749150158471,59.6572140863515,2021-05-29 18:05:33
10.7748870163137,59.657195086203,2021-05-29 18:07:36
10.7749370163742,59.6571870864777,2021-05-29 18:09:40
10.7750460162196,59.6571830870736,2021-05-29 18:11:45
10.7751480167199,59.6571490876382,2021-05-29 18:13:50
10.7750190170038,59.657149086934,2021-05-29 18:15:53
10.7752620138685,59.6572710882326,2021-05-29 18:17:56
10.7750550161998,59.6571830871228,2021-05-29 18:20:02
10.7751490152469,59.6572180876279,2021-05-29 18:22:07
10.7751620157086,59.6571950877041,2021-05-29 18:24:12
10.7752270132847,59.6573020880345,2021-05-29 18:26:16
10.7750530123673,59.6573630870707,2021-05-29 18:28:18
10.7746030140183,59.6573320846214,2021-05-29 18:30:30
10.7746030146578,59.6573020846283,2021-05-29 18:32:33
10.7752340143351,59.6572520880841,2021-05-29 18:34:35
10.7750810120712,59.6573740872211,2021-05-29 18:36:37
10.7750870133583,59.6573130872677,2021-05-29 18:38:41
10.7748820124238,59.6573780861339,2021-05-29 18:40:45
10.7747770131451,59.657355085566,2021-05-29 18:44:48
10.7748540130609,59.6573510859872,2021-05-29 18:46:49
10.7749610159164,59.6572060866044,2021-05-29 18:48:52
10.7749620142089,59.6572860865916,2021-05-29 18:50:54
10.7750540127701,59.6573440870805,2021-05-29 19:01:13
10.7748420133218,59.6573400859242,2021-05-29 19:03:17
10.7748870125833,59.657370086163,2021-05-29 19:05:24
10.7749660115781,59.6574090865853,2021-05-29 19:07:28
10.7749500109738,59.6574390864911,2021-05-29 19:09:32
10.7749470129416,59.6573470864958,2021-05-29 19:13:40
10.7749250125636,59.6573670863711,2021-05-29 19:15:44
10.7749650124117,59.6573700865888,2021-05-29 19:17:48
10.7749350123924,59.6573740864241,2021-05-29 19:19:52
10.7749280110222,59.6574390863711,2021-05-29 19:24:00
10.77485001356,59.6573280859706,2021-05-29 19:26:04
10.7748600130477,59.65735108602,2021-05-29 19:28:08
10.7748760134175,59.6573320861117,2021-05-29 19:30:12
10.7749560116854,59.6574050865317,2021-05-29 19:32:16
10.774663013396,59.6573550849437,2021-05-29 19:34:20
10.7747350134081,59.6573470853385,2021-05-29 19:36:38
10.7747350134081,59.6573470853385,2021-05-29 19:38:42
10.7747070134697,59.6573470851857,2021-05-29 19:40:46
10.7748600121524,59.6573930860104,2021-05-29 19:42:50
10.7750290124201,59.6573630869397,2021-05-29 19:44:55
10.774589013239,59.6573700845363,2021-05-29 19:46:59
10.7739410151553,59.6573470810044,2021-05-29 19:49:02
10.7742460202395,59.6570770827309,2021-05-29 19:51:06
10.7740180231926,59.6569620815126,2021-05-29 19:53:08
10.7742650317508,59.6565350829584,2021-05-29 19:55:08
10.7743600329273,59.6564700834918,2021-05-29 19:57:38
10.7741980267825,59.6567750825379,2021-05-29 19:59:38
10.7740970241485,59.656909081956,2021-05-29 20:02:08
10.7741610213218,59.6570350822765,2021-05-29 20:04:34
10.7742830187939,59.6571410829183,2021-05-29 20:06:35
10.7749860116194,59.6574050866955,2021-05-29 20:08:42
10.7748180135452,59.657332085795,2021-05-29 20:10:42
10.7749790161113,59.6571950867052,2021-05-29 20:12:42
10.7750010152528,59.6572330868166,2021-05-29 20:15:17
10.7749290140257,59.6572980864087,2021-05-29 20:17:17
10.7750600170841,59.6571410871596,2021-05-29 20:19:17
10.7749100131722,59.6573400862954,2021-05-29 20:21:18
10.775043016546,59.6571680870607,2021-05-29 20:23:21
10.7750480153199,59.657225087075,2021-05-29 20:25:25
10.7749720152314,59.6572370866574,2021-05-29 20:27:29
10.7749260182529,59.6571000864375,2021-05-29 20:29:33
10.774901014002,59.657302086255,2021-05-29 20:31:37
10.7749960167986,59.6571610868057,2021-05-29 20:33:41
10.7751020172262,59.6571300873914,2021-05-29 20:35:45
10.7750090133594,59.6573210868402,2021-05-29 20:37:49
10.7750850155583,59.6572100872804,2021-05-29 20:39:53
10.7751020134745,59.6573060873512,2021-05-29 20:41:57
10.7750520149701,59.6572410870931,2021-05-29 20:44:01
10.775127014805,59.6572410875025,2021-05-29 20:46:05
10.774926014352,59.6572830863958,2021-05-29 20:48:09
10.7749570146249,59.6572670865686,2021-05-29 20:50:13
10.7750600162528,59.6571800871507,2021-05-29 20:52:17
10.775000015255,59.6572330868111,2021-05-29 20:54:21
10.7749330150827,59.657248086442,2021-05-29 20:56:25
10.7750180150449,59.6572410869075,2021-05-29 20:58:29
10.7750050147537,59.6572560868332,2021-05-29 21:00:33
10.7749630145264,59.6572710866005,2021-05-29 21:02:37
10.7751060123359,59.657359087361,2021-05-29 21:04:41
